<?xml version="1.0" encoding="UTF-8"?>

<channel name="thunar" version="1.0">
  <property name="misc-volume-management" type="empty"/>
  <property name="shortcuts-icon-size" type="empty"/>
  <property name="misc-thumbnail-mode" type="empty"/>
  <property name="misc-show-delete-action" type="empty"/>
  <property name="last-location-bar" type="empty"/>
  <property name="last-view" type="string" value="ThunarIconView"/>
  <property name="last-icon-view-zoom-level" type="string" value="THUNAR_ZOOM_LEVEL_100_PERCENT"/>
  <property name="last-window-width" type="int" value="640"/>
  <property name="last-window-height" type="int" value="480"/>
  <property name="last-window-maximized" type="bool" value="true"/>
  <property name="last-separator-position" type="int" value="170"/>
  <property name="last-show-hidden" type="bool" value="true"/>
  <property name="misc-single-click" type="bool" value="false"/>
  <property name="last-sort-column" type="string" value="THUNAR_COLUMN_DATE_MODIFIED"/>
  <property name="last-sort-order" type="string" value="GTK_SORT_ASCENDING"/>
</channel>
