<?xml version="1.0" encoding="UTF-8"?>

<channel name="xfce4-panel" version="1.0">
  <property name="configver" type="empty"/>
  <property name="panels" type="empty">
    <property name="panel-1" type="empty">
      <property name="position" type="string" value="p=8;x=960;y=1160"/>
      <property name="length" type="empty"/>
      <property name="position-locked" type="bool" value="false"/>
      <property name="size" type="uint" value="32"/>
      <property name="background-style" type="empty"/>
      <property name="background-alpha" type="empty"/>
      <property name="enter-opacity" type="empty"/>
      <property name="leave-opacity" type="empty"/>
      <property name="plugin-ids" type="array">
        <value type="int" value="8"/>
        <value type="int" value="10"/>
        <value type="int" value="11"/>
        <value type="int" value="12"/>
        <value type="int" value="13"/>
        <value type="int" value="3"/>
      </property>
    </property>
  </property>
  <property name="plugins" type="empty">
    <property name="plugin-1" type="empty"/>
    <property name="plugin-2" type="empty"/>
    <property name="plugin-3" type="string" value="xapp-status-plugin">
      <property name="items" type="empty"/>
    </property>
    <property name="plugin-4" type="empty">
      <property name="items" type="empty"/>
    </property>
    <property name="plugin-5" type="empty">
      <property name="items" type="empty"/>
    </property>
    <property name="plugin-6" type="empty">
      <property name="show-handle" type="empty"/>
      <property name="middle-click" type="empty"/>
    </property>
    <property name="plugin-7" type="empty">
      <property name="expand" type="empty"/>
      <property name="style" type="empty"/>
    </property>
    <property name="plugin-8" type="empty">
      <property name="names-visible" type="empty"/>
      <property name="show-frame" type="empty"/>
      <property name="known-items" type="array">
        <value type="string" value="toolbox"/>
      </property>
      <property name="known-legacy-items" type="array">
        <value type="string" value="thunar"/>
      </property>
    </property>
    <property name="plugin-9" type="empty"/>
    <property name="plugin-10" type="empty"/>
    <property name="plugin-11" type="empty"/>
    <property name="plugin-12" type="empty">
      <property name="enable-keyboard-shortcuts" type="empty"/>
      <property name="enable-mpris" type="empty"/>
      <property name="mixer-command" type="empty"/>
      <property name="show-notifications" type="empty"/>
      <property name="mpris-players" type="string" value="brave.instance2914;brave.instance29185;brave.instance47289;firefox.instance13244;firefox.instance1927;firefox.instance2077;firefox.instance2094;firefox.instance2142;firefox.instance2163;firefox.instance2193;firefox.instance2204;firefox.instance2212;firefox.instance2248;firefox.instance2251;firefox.instance2261;firefox.instance2273;firefox.instance2279;firefox.instance2340;firefox.instance2368;firefox.instance2383;firefox.instance2490;firefox.instance2493;firefox.instance2498;firefox.instance2525;firefox.instance2631;firefox.instance2696;firefox.instance2745;firefox.instance2867;firefox.instance2984;firefox.instance3047;firefox.instance3144;firefox.instance3395;firefox.instance3580;firefox.instance4009;firefox.instance4970;firefox.instance5050;firefox.instance61332;firefox.instance7743;firefox.instance7799;firefox.instance7882;firefox.instance80154;firefox.instance8130;rhythmbox"/>
    </property>
    <property name="plugin-13" type="empty">
      <property name="digital-time-format" type="empty"/>
      <property name="digital-layout" type="empty"/>
      <property name="digital-date-font" type="empty"/>
      <property name="digital-time-font" type="empty"/>
      <property name="digital-format" type="empty"/>
    </property>
    <property name="plugin-14" type="empty"/>
  </property>
</channel>
